Name,Price
Диван Льери Мини Velvet Light,56990
Диван Нумо Velvet Yellow,35990
Диван Тут Рядом Дом Серо-графитовый,72990
Диван угловой Ройн Мини Velvet Olive,39990
Диван угловой Эби-1 Velvet Coral,69990
Диван Бруквиль Velvet Blue,46990
Диван Тут Рядом Космос Светло-Бежевый,109990
Диван Линс Velvet Navy Blue,29990
Диван Нумо Мини Textile Yellow,22990
Диван Байма Velvet Grey,69990
Кресло Тут Рядом Дом Сине-бежевый,50990
Диван угловой Беллер Textile Yellow,40990
Кресло Бенел Cozy Ivory,31990
Диван Нумо Velvet Grafit,35990
Пуф Тут Рядом Дом Серо-графитовый,15990
Диван Роттердам Velvet Yellow,23990
Диван Сваут Velvet Grey,64990
Пуф Дадли Velvet Ocean,3290
Диван Линс Velvet Grafit,29990
Диван Рейли Velvet Coral,30990
Пуф Тут Рядом Красавчик Светло-бежевый,34990
Диван Коренс Happy Grey,29990
Диван угловой Шера Velvet Light,99990
Диван Види Textile Ocean,22990
Пуф Тут Рядом Дом Зеленый,15990
Кресло Гета Soft Silver,29990
Диван угловой Нумо Velvet Yellow,44990
Диван Тут Рядом Дом Сине-бежевый,72990
Диван Сваут Velvet Mustard,64990
Кресло Элвит Cozy Ivory,26990
Модульный диван Сэндж 2 Textile Yellow,58970
Пуф Лонди Cozy Beige,13990
Кресло Тут Рядом Дом Розовый,50990
Диван Нумо Мини Textile Light,22990
Диван Рейли Velvet Mint,30990
Диван Риббл-2 Bucle Lilac,65990
Диван угловой Маркфул Velvet Ocean,79990
Кушетка Роби Textile Coral,16990
Диван угловой Нумо Velvet Grey,44990
Пуф Роттердам Мини Velvet Milk,10990
Пуф Тут Рядом Красавчик Оранжевый,27990
Кушетка Оренте Soft Sky,40990
Пуф Бане Cozy Ginger,8990
Банкетка Аймо Textile Light,7990
Диван Лонди Mima Pink,84990
Кресло Элвит Cozy Emerald,26990
Кресло Тут Рядом Космос-2 Графитовый,79990
Пуф Динс Velvet Yellow,6990
Кресло Тут Рядом Космос-2 Светло-Бежевый,79990
Пуф Тут Рядом Дом Синий,15990
Диван Байма Velvet Beige,69990
Кресло Тут Рядом Космос-1 Серый,56990
Пуф Динс Velvet Milk,6990
Диван угловой Аронт Мини Velvet Light,56990
Кресло Лонди Mima Pink,69990
Кресло Тут Рядом Космос-1 Желтый,56990
Диван угловой Шера Velvet Olive,99990
Диван Тут Рядом Дом Розовый,72990
Пуф Поул Bucle Pink,11990
Кресло-кровать Лесли Velvet Mint,34990
Диван угловой Лаберт Barhat Smoke,99990
Кресло Тут Рядом Космос-2 Серый,79990
Кресло Гета Soft Light,29990
Пуф Кофи-2 Galaxy Birds,5990
Пуф Лонди Mima Pink,18990
Диван угловой Шера Velvet Terra,99990
Диван Самми Velvet Grey,27990
Диван угловой Аронт Мини Velvet Smoke,56990
Кушетка Тут Рядом Космос Бежевый,89990
Пуф Роттердам Мини Velvet Red,10990
Диван Тут Рядом Космос Серый,109990
Диван Бонс-Т Velvet Mint,39990
Пуф Лесли Velvet Mint,7990
Диван Массе Velvet Light,59990
Пуф Каве Velvet Violet,9990
Модульный диван Риббл-3 Bucle Forest,147970
Кресло Бенел Cozy Beige,31990
Банкетка Кото Bucle Galaxy,19990
Кресло Носта Bucle Blue,24990
Диван Роттердам-3 Velvet Silver,36990
Диван угловой Шера Velvet Blue,99990
Кушетка Кото Cozy Storm,40990
Диван Бонс-Т Velvet Navy Blue,39990
Пуф Кото Cozy Dove,7990
Кресло-кровать Лесли Velvet Red,34990
Кресло Кото Cozy Beige,27990
Кушетка Олтен Bucle Shadow,32990
Диван Арклоу Cozy Ivory,46990
Модульный диван Brera-3 Velour Night,109970
Диван Тут Рядом Космос Графитовый,109990
Пуф Роттердам Мини Velvet Mint,10990
Диван Рон Textile Beige,52990
Пуф Клаум Linia Light,4990
Диван угловой Лаберт Barhat Blue,99990
Диван угловой Бонент Velvet Grey,89990
Кресло-кровать Лесли Velvet Navy Blue,34990
